,0
0,1e2a7e362fc1474ec53733e694031080
1,a5058c4393c1f9eb4719acc7b7194fb5
2,1d811b67227c0a1f39ebd82d324151fd
3,357b1dc0aa1799c15884b25065bada2e
4,5fd0c0ac1b78a9244779896849882f66
5,8e2ac6e405e32559df1dbe68b99b6aff
6,cef7f129930a126fe6351d1a2ab3c833
7,9d4fe9307b8c3e3fa18d7ac5a5773c7d
8,53350dba53e45a5f7675bd31e14205e2
9,b4774b26b7fd5094bf4e8360607d58a8
10,c449d70a4bc71dfd16ccb113eb002ea4
11,e8acaf90a6314e216306da7d3a393ed0
12,4b14ad034e95ff4d4236d6e5b0067488
13,28b82d53ea16cd4af06711128446a2ea
14,fb59a0e437bbc2949e1a3f562e33db98
15,25a769a6b397be6568ab53445d6ca850
16,0c66a4f90d9ce153b159e26ec6aeffed
17,715836bc9d40c7c2da9e03638004ee6d
18,0faa601f6f52684d1c70752d69b94b23
19,733638804ffdbe2d3a3b81d0452525f2
20,575b65c84f88b2c7bca93eca8d96c6f1
21,9eede927f68b6830297ab8200e361ae6
22,f8d19d2f7e1421dd9d2b96204956ce15
23,b31d6460a36ed083a3cd3203e9fe4b3f
24,818d7c222cac11317e751d0507928172
25,3b794f8d73427b336480b55b62815f48
26,167814287c70c8c6c390a9eec8c7d07d
27,9ac518b7662e2743831521e44362b856
28,3673880edf1be67b31b892e7ad30fdab
29,1a44e2232c148dbdc48f53c9b9317457
30,b3c549a070050a673245d4e2f84ec2c1
31,cc331ac0195f0e1b853676c6427a7473
32,b7bd80190e76674ea389064d3e6a77e7
33,b9609ba1db074c3cb70e871925dc97a1
34,d21ea1352b3fd14d8a6d3e50e9765dcf
35,f811c13216469b789b099ad54e7c6590
36,57ccc53e9c454eb3a1d3e9f4fcff2418
37,d02a905f184c43ae94ad531db6648d62
38,c30461dd3b123145d55a1a5158b786d0
39,6e74f4e56e5f69687affad0e8226bb67
40,2a7aa38bad6a6b1c2d247599f073a03f
41,517b0af1a7bfb0a47fd71a6d5fc308fd
42,0abb4b43154134af94ba4db867b3a2f6
43,404385533a56710cb8200ed8364819df
44,c2c2ccc78a7f7ef35bfddc22faa33840
45,17fd582c7daa176cc0e7cef2fc233e79
46,257c1592fb6044f581a9df5d418f09b1
47,937d217d7d9a4a73a49ed0846bdba1d7
48,ae991f34154ed2ac8e0ecd485796f11d
49,21909d5dc89270fc73b107d642018160
50,0ce6101e6a18454492b6178c3127cbc1
51,237d80fb4c8544f4abbb55c5e400c35c
52,0504fe9a7e26b446bdc9195e5578f10b
53,4f10a125843a4819ac92ee7daa00f9fe
54,0e4feba3eebb4b8ef35713ee605bca9d
55,fa8cf9e78e3751c2ee99c8c7e17bb4d4
56,d462fb87c49ac3b4e704ae4d4fba7ec4
57,c7f5edc6a55eb8f2a71c9db12584ad57
58,fbb48fab246293cda76b0aadb7aac9b1
59,bc6644ed016794026b6651d7a0628c96
60,e3fad28f42a81c18936614177d99fc42
61,426523dddcc64e678e3fcacb662207c4
62,f10a09b9dddccaf17ffcc270028339ac
63,51e5566e248f4a5c8a9d136ff7b0fa87_1644480690
64,bfbd806bd4414892be879e6d5108506e
65,52e427f143964f326b0805219e438bbc
66,56ba1490823f464ab844deefdbd46160
67,8f6301823f5c51c63ba638e5cb3cc443
68,283c700e7c08475fa393d124a19443ed_1644511589
69,075bdf5869be4d66980acf2afe746410
70,dbfbe1e27d5a485888f4500612323d46
71,34539a1a7e2b4a22930d79f03b11a3be_1644488666
72,9699b2fa191946039507e82c3f0200da
73,a5a00287a0fd4fcd8ab42456b7a06651
74,aa27fb6a4a264aa090bf392781316d0c_1638408242
75,185c71deb0aa4a26a8d34515cae44858
76,64b1ff2bc6fe4b46980b16db660c9016_1644484883
77,cb1342e1a4bc48eda6e232994a63d6c8
78,1f67439792b649d8a44418c62f50264a
79,725035c15fb1403fbca658ec5c8c13da
80,8ffb3b928298561080f139e7c62147bc
81,53d8f450ee364331ba9992c8960e5f7e
82,b0e007e7306704326040249a30933e23
83,eeb94d72d1294ca998bebb650ef4080c
84,e7cf6a43d8c3e78b3f5cca8def005483
85,431cbd1827554d219e2b672994cb82e6
86,5cfc9163a4e38cc29318179c0cea1740
87,b0e9ab67544a4dd79ed40c69cd63a8b2_1644533149
88,8947f423f6764b40842ce487b6f3a9fc
89,36bdf72b236b5793370d43b9e106692e
90,34b27269653d4e60598be6a838fd215d
91,bdb835c533108eaead8e414b565e7852
92,9dd03615642b4f74b47af67a723ffe11
93,9dd03615642b4f74b47af67a723ffe11
94,91362f3a825cdc4a2ebd133d4cae3230
95,8bb1ba1aceb54b52455d929a8819ac82
96,25bca1f581865739c8338df86678d946
97,17e6b29fbcb071b786cf48d0b3c58f8d
98,534353782890f1bf15a216eb57b26070
99,30594aa35c34b2a9e40cc05016227545
100,a561584e3ca52c1e2aa6fac0d2c56ca3
101,943b1b6f881563e33fb69db792b7acc8
102,a2ff236d3053e3dd8e9b896aa1532e62
103,4d81cef6b7c01df5746312bd10337f8a
104,7bbd128a795a51ce123ed6b8f2cbcf23
105,83cca08f6bc71ce71c5acb96bdc605ab
106,9d409a9df2024318996c271365699147
107,ba49f7471d3b4428b4e81456ba5d1e90
108,c9040302fba846e8934523f960918812
109,ca5cb1b6cd3c4c529292c29ff8b2c650
110,380e57fb0af914fa2850eb37ebb9132a
111,fd768cb6b56840c8b29defa7bd1e1d06
112,e96871f16f22a1e9189ece1921a3b037
113,b577141e6bdc8f2584fc09c38eed7763
114,0232e6bf405e4c07b6adbf6385f1805a
115,0232e6bf405e4c07b6adbf6385f1805a
116,6071f17a1f7543cf90e8635766cac3cd
117,de6ddfb8fc3f4f15b367539f24149a49
118,bf83c2c1402d454d697de20a774e9be0
119,890044d5e66c1c76bcc7eef22d1ae00e
120,71b3536997bc62c80de86ed029680162
121,d165f6d23d430d347823176ea13b2912
122,0ef7f7007451b833f4e612ee9d92926f
123,74e88832f8a68b48fae75a3eb9acd332
124,bb56afc8fc1ad2fab6691e4f61234537
125,96f920325793931f86c6b5af48c07a59
126,ace72a4c764456edebbf1b78abecf7c4
127,b6c23e709f3142b889bb91e2ecf1eea9_1644390600
128,a5ad5fffc01441236230e4efda064e1e
129,2f2fd3d50bb210e832f3c156798a1015
130,13e5068a6f5edf5f6df4e95c079d5c1b
131,a2334d9ecdac9d1bea2fae308a296b66
132,41ea5d9b29554e579cee1719b2bacf3e_1638544783
133,a2595ce10f14bfc9e04039e3db5042be
134,e54d29af70a7778be44ddf05e01d2417
135,47ca02b21d734d09a0873d97da23b036_1644543132
136,fe72f8d3ddcfee08f708b8283f5f8fb7
137,7e54fab50261070454a492224b9c7fe8
138,9750f439714e3ea280c71774a0ae2a9f
139,b065e87a118b133743131a0ea1338405
140,c41067b5a26f930f9de656cc658c5d84
141,ee7fcb214b849c5ccff31c4f505ebe2c
142,5ca99887fa58398b77fc83410ee9892f
143,b33e03c15eafdfef1b7a384bec220146
144,9195705c30044d81b3fc24947a375642
145,4d65ff4fc71d0d6fa018a5b4363e7fd6
146,806c4c977b2479bcae6f28674ca1997a
147,fb7c3de9b5813860c169fc50a9299ff8
148,690283ea121d4a6398ace8bd4993cd09
149,83f3a20574e4baee03d3b7787f440d37
150,c4f96251def9fdc3cbbfc90131b37070
151,b79b1e57621468a006e00699e5deba78
152,9187a9bd9ff5a49736ef4f02260161bf
153,8d2aef30ca434c1ebbfbc20fba0b41cc
154,6d13940f8f1c2240154c2910ddb696cc
155,6a161137bebb4a2f9eb319a2a03a4736
156,ab703d8b937f5fe9351b7cd91779adc8
157,23aa81f1e3774ceb8d796b99b39f9073_1628637823
158,0548f3814fd7a884c3529ed87e9f720b
159,59c5574b788caa27d1cb24481c7cf6bb
160,e7f422a136f945ab99b35405d95dd4be
161,68eca8166b4c021df3ecb1b02e63e8fe
162,2ac339432ddd4557b2bcd8f2a4ed933b
163,4eccd69d92c3a3e44519b093a5f6087e
164,2b8a26548d094384035270f6df0e3d25
165,6880c379160dd4444358b8fd3dc8df1f
166,7133aa64f7348004cdf8d7e76747abd0
167,0865e2ba745e07c9ef645c7054590528
168,afe008fb62644956b4333ba1838d143b
169,fba05ab9f5064b149a00cd3f740c9a24_1596016940
170,a44e793fb1daa89ada83cf4da42969b6
171,eb32981c94f0101c0a4565e15954ae2e
172,80988dfad02b98a7504904c714791fd2
173,a3be7c8fc757d63c195e90da521603de
174,e513fff06d84d9035cb6de835e394b50
175,d28ab427da8846114f9eccdc567b8adb
176,74bab9853e4b4e0eba27f2494c3305d3
177,d56d792262c845d186a05d3f967a8597
178,dc1c63a475883eff957b895e6689cbfa
179,22f3186050a0531cb386e6c3c9e250d1
180,22a31a3c067287193830dac2adce7cd8
181,2fd8ffa743a2dacf34869a8c62f5568c
182,d39dc3f5fa3ebf66399c0098b9a8b528
183,7345d5176fa70d8b51a335eb84d41401
184,246efe9408db450db30d16baf8066635
185,d1ea6ba40e2e4fabbc52722c591c5cf9_1593319935
186,4c2ba6fdf69b1be06e89131b70aaf4df
187,5e4c4d3d4512c8201f6edd84e575cf7e
188,0cd394519ba4de86597ac5c8a7fee855
189,f49650cf2f4e8ca8b9cb914fe22f8d99
190,6ad66e5b386b3d646ca9cb3a772c855b
191,3ae455b448df746bde88d811d239503e
192,31ca805ddebb2171afb5071b5edebc34
193,bbead6e9a977e12ab2ee81aec12802cf
194,f779a55cfcf29f7a3ef9dd6a1a67ce6c
195,f779a55cfcf29f7a3ef9dd6a1a67ce6c
196,395e53fbd55142abb05605c26fe3ea24
197,5b283d0ce3876a6f656dc5b762794c2a
198,500dcdd4b23159e40a6e0f1a7e4cba9c
199,d8ac872e3789bfdf5cc2708f44b40712
200,2e3701581c474f6999175ad696155e64
201,c1999c350538bb547d5feb9d3ac4ed92
202,c05ac40cb8ab4e477f1101a99c37fe6a
203,9faa4d5840b6472ca5ad43d0959ad4d5
204,e35d8904cd8b4721227a59e7183530f2
205,8248e66cebb3a41e9424d822be85785c
206,478c4db9e267417486f79bbf952ac4d2_1644325284
207,d4f0951ae40843e38e31b3b945d797e3
208,d2a01075631a224e4d6fde5df331c8f1
209,6ebb21ab8af413fa8ae72dca76a09da1
210,9521baa16a2ae24daa28ff8ec0aedf3e
211,27c9fce31f4c4e31983f506a774d98ca
212,2eeaae18698460354aee726f1592dd74
213,0474849e22fb0cf185bd12624b2d4c0b
214,14f6ff27707a4766b0a8f0292059bd3a
215,d26b96243140723b4c2e03b0dd710412
216,a9d9eab7a45a0d3661f507a7de265f48
217,f97d7e4a299b01afe9267cfa573be804
218,b45a52929b6073e4d4659dc8be7a6569
219,40b235d3de2fd906bb9d66887ff46322
220,5afb4b667eb303655f21df93c421e24f
221,748d23bc396486b1546c68f27ab778f5
222,d9faa0829c6a40eebd0ef6ec54baf9e6_1644463934
223,435aafdba8b1008bc3d880faf0cbd9f3
224,398ed30293553027cf95284d25edb37a
225,cceb787129692f5f50b2527a92b62547
226,c8740bd6927744058fddda7f0aa06989
227,44e08fe9860febee4800dac1abde804d
228,5553bf71f6df988928a6b31b5e655a89
229,0afa353dac64ac18311e1b714617c98a
230,054be15e14ffb19c82c23d06e824d95d
231,d851166d9e8c01f813f4c2b296f629dc
232,393a2c98dd7f6cff9ca6203aa4b5d5da
233,21300e744b50416fac4863767acbf472
234,393a2c98dd7f6cff9ca6203aa4b5d5da
235,d851166d9e8c01f813f4c2b296f629dc
236,21300e744b50416fac4863767acbf472
237,f6f39e814a635a78de39d3a0d3524234
238,f8592b9649474200cc6b24a70c1238ce
239,5496cd58c8ae4ceefecf08ebad4b7014
240,4431006d2776473dbf28af9af08a657e
241,969e0d47de7ff1f5c79dda90adce0403
242,0684dff5a62f4360bb05caa6953949b4
243,0684dff5a62f4360bb05caa6953949b4
244,15fc6948ef26a9ab620b1bd2f0c8ea3c
245,ad23d30ba72f463d8d0036f94e5f2044
246,d83cb7ccb3237814d6a8c477948f61d8
247,9b2c9bfcff3cbc892fbf72782ada09de
248,3d60798821dbf8ce213a7aecc303b852
249,ef16bc824b2e44e0a0af45a25eeade6c_1644496247
250,7deb172aca6ca6a7478a4bcb4cd85360
251,f6fbc62945cb4581b8ffe5df0b0776ea
252,2f11cda65276dae7b017f5bdde838d5f
253,329ac3ecdc3cd34435c2a6662e69d89f
254,31bd64624827ff6f53dc48f94e4fa241
255,5bfd159f350e7e2432c0da86b2dd865a
256,9fc1558a38985876d4c8b68479e3773c
257,9e052a5b4f121e119aedb148b55214f5
258,ff5b1cd27be44239a386200f4c88bfbe
259,d73440c9cb444b5ca1bb9c7b47661a84
260,4abea0f6219aa299728e1e0c45f200d2
261,a1951d01e35a470b8991986bb8390e7b
262,a3971243f912a3a8f0e4c110ab9127d0
263,652e80db307cd2c6ba241d4aab2820dd
264,d16ce860edf94e348a3b5a3949c828ad
265,7e7f5a74662b5639de4087a3bb167ab7
266,1b8a91021f20548e6f90baf1bc38d52a
267,ebd079d3d0a36722a2d193197ff2aab6
268,07419d6bbddf0d0e5fff98a868c25b36
269,bc9d25e07c61286028108d55f5a3d4bc
270,e077f3a444e3f58390968174c0359798
271,cbd995723ae67fd6414c275348c4c548
272,8f5f1a33a8333f4cf15ae100fe752be2
273,2a2124e779f5f8cc9d433500dd9e7e15
274,9ab49a16e92444048a56d8ac89e1833b_1644487283
275,b969a3aec75c345e7e451f4f1f590621
276,c11105e5674e52f48211777bc1c68d94
277,deecaccf069a34fb6254da5ea4c59d0e
278,49d2f2b6b9f98b8ccd221a1df6f8db0f
279,21a2a07477992f174b33ba7d788e23bf
280,7e8af3bdd16f007f175551371492e2b9
281,260ebf5e587d4494ae751f21a21e5b4f
282,7e765df471709445c0eab7aa86cd88fe
283,5173365f09744289884f76e0e91609e5_1644498885
284,3b8fb84cfd9c5b3669e65b55d182ed19
285,d636aedcb6ecc38ab510bac436022fcd
286,824a02aaee05b880e43914e00ad328e3
287,68696d9257040a3a5663fe428a96f57e
288,b1f4984a37d94f209c3aeb2ad47f8675
289,568f3c85ef5ae5a6398cd7ff0fb51ce9
290,a63f34a746024d0be1457d8944db7ac1
291,08fd27386b7751fc490d700f44c45e2b
292,55823ee5eff1c2c0ed1cfb16b9104925
293,255cbf2044b8ee4fe1aa4cb24fb29375
294,99006d1658dfa71ee57ae4d4592318bf
295,8ea89068ed34d0fb283a1a74ec5173bf
296,72be989fa3c84c1f9d2064b0a6ae73a3
297,d3a77647c39d922ee8c3a26fc3d2c707
298,1fa11822eed3468ba6dbe20090fc4b2e_1613817604
299,4b529ebd9111191aa737b3c1ed38995a
300,845a042531f740a09c58f22453197fd6
301,3bb77ae0059b4b89b4f82474c239491f
302,e1d7e8d149f54e9ee49a99f6111f4d85
303,125b5763134397d84051b4fd419b620c
304,0a38ae1b097ea478fadb2f2bb03466cd
305,5746d4320f2f4ee2bb101a547bfbd12b_1644455170
306,cbac6b6b258caf536e89cd7afa0ea980
307,7d914642d0a96311b1bceba422fe2132
308,a1de5698ea4b4e51969725023d1c6d64_1644512297
309,a1de5698ea4b4e51969725023d1c6d64_1644512297
310,208fc6420ff4270132690364f1312fdc
311,da9a4372c5d20e18f897f4bde21e8904
312,deba0f68c3aa35172941564d36cedba6
313,2d43be2b7215be6d4197750b17131e26
314,757cc1c837e24265a5775698b142b770_1644493227
315,1103c483e7804637a9cfd393092f8f95
316,56629ba7370140e99e934a37736947a0
317,7888c6183a16f933f64fddca12512209
318,505207c68a10fae653e4241e25d93034
319,505207c68a10fae653e4241e25d93034
320,6bd156293fd7b8a1705013f208a2aeb1
321,4106320a9ef0e50f2336c2e2562ab0e8
322,58c8c81f889bc9fc95e2585fceebe324
323,c78605d405604104a7cc576b5acc669d_1630745386
324,a2c0a1941b539cca310608c7a5e6220e
325,c016fccb36154838a4bc75625f3b6b67
326,a03d8d34991d1ad3d5da380d898e776e
327,952086e05f1330dbbb7f8d057ec483c7
328,92d542bd3373d86164644bfbf283d425
329,c460936b23f37a3498be328435c6692d
330,e35c9182c3edd694afd1857e56a64784
331,ab985f18898144bf8501bebf1add237d
332,7afc119294a542668c50616658fec71d
333,16c9a98b5fe2c3bdc2fb3bcf60e5ec56
334,c04ffcd232103d2f6e51f41df7db1ea1
335,8554e991d24b47ec8d0001adcde6f8a7
336,de71a7ce446bb9d695a56c6339d2c522
337,aedaede074343bf66ba6f6d717095537
338,48a73786bd85415aa08381cb7885d163_1591954008
339,aedaede074343bf66ba6f6d717095537
340,48a73786bd85415aa08381cb7885d163_1591954008
341,c1d5ffca62dd07749365d1d98f278a53
342,304fe7ddda5b1d0dada6eb5f15cc17b1
343,f23b514f18a10df9e32cb97620fbb6d5
344,0392ad3b4434317ec5ecc2b0c36f63be
345,efbc84547ced45d59cd492a657cf9f5f
346,32608ca68998bacf47427bcbae3eef48
347,b23aaf4f9ee071c9b68d9dfc501f8311
348,83406363e4de5f140160ab76b468e65b
349,2a7865492ff328184c8e4257da3d89d5
350,21345141be7d4f45a5ecdd1f5cba6e43
351,9d3d14631035011455cecc8b96dd23a3
352,7f74a46afa137780a0841a830e4ba9c0
353,d55a8a4f473e879bc287080a018648bc
354,5bf8f41b2eae4c559a9528b1619e4c16_1644462635
355,84c856caeb62418dbee226c9e3e513ee
356,df3f81fed2c275701d9be786d50530be
357,5fb4c51eff463f6b3ccaee6e44c9144d
358,20189c5fdde26a70ac713fbb50cfde84
359,97ca5338ee9a4f70a351230b81402179
360,-
361,5af9d636148edb21af00441dd1459d9b
362,9fdf50fabfb0435f9fa59175d1f2ed11
363,a8102c29f5bb4203b5765cd9a827bfd0
364,a8102c29f5bb4203b5765cd9a827bfd0
365,4b91a6c854cf47528f7c74e9ed1f5d44
366,124dd872f299191562b8d48e0ad447ff
367,af1916407477e58bb627bb341011f2a3
368,83527a1662b3640386743d9f880c7178
369,c15be525d9dff7c8a1e491765bebc924
370,d25740d3f055a7695ee67615a8993d4b
371,ed21c5496223420583d6c098c0cff797
372,9f347ddbd9504ec1b98be2dfa5b64976
373,949a0c241854fe9f42705f5c473045c5
374,b09457424e9949a0bd4f516eeeb13019_1644486725
375,308ffd8ac80ffce0d3deeaafdc2c1a21
376,5e99699c955c19b848505a43e74f75bf
377,0a18b6f9e0cf3e2a7e2df4ac5995ef72
378,d764bf1d477405af48b4c39c846f89f2
379,35bf37882106cef6baf8b1c2fb0e351d
380,ba234f9d8400135bfc93cb5645ff9fb2
381,ee4c063d53e65fc0a6d54b60cbc9dfea
382,16ba5f7906d64729bef0ad09367c0a91
383,0938eaa566117ffa2608d8dc435af991
384,eafaecad18cdddf8a1101bf7bfec0190
385,a61fff3909377cfbd801cada58ee83c5
386,d1e61d2d60f8ffb5057319b11c7b70e3
387,f179cff81f8448828a7d78c5118b03b5_1644477164
388,6b6f53de93c55b26abba72682631c29b
389,6b6f53de93c55b26abba72682631c29b
390,31f5b0c4c9ed43b5871f1ff0c16d8c07_1644499455
391,0e8aae73949798b5132324bd3a8820ee
392,6aaad4bf68b38e7779a15c17235f47b0
393,433459ad9cc5dee27dc6fecb7218e059
394,4a036b840cfcfe660b78fcbb1b93173d
395,d7294f182a41c88d4af3284aa947f9ea
396,3392d6d2aa04e6fd97a168490581ac56
397,80ce514282d3216212c408c54314e213
398,50fc23d5b8d4957f6a24d8bed7b44e36
399,50fc23d5b8d4957f6a24d8bed7b44e36
400,c1dd3ffcec04d88f30a05027517da97e
401,34d0e359a8cc3385282f70e919fb02b5
402,5dbe6c0b75f8b80ba0611f3e6e2b0916
403,d695855c697a1bbeb1ec3b7f26b6e31a
404,971ecb3e716fd6603f3078166b8eea75
405,0c092583ae30cae4a0e3c9ced1a62101
406,58b192cdd3756ca9d6e44c641fe90b4b
407,6808f23ea908425a86e82a0513b9c2ab
408,98133a6eab5703fd8a01159b1142f374
409,f5a8de32a8f08e2b0d471c6438e1c29d
410,c6aaf50f6daf083f41782fa752b8576a
411,fee6808e3c340f6ed1f00ba68bf8f69b
412,cefb2d4cea0ac353cc5ec277a4448e2c
413,827f215b249c0377bd0e0f1081289110
414,ff801f9db8abc6a260b13a8bf8015394
415,ae342bff275ee997cd9166ed22dc4726
416,76cc76e76c321f41058574678c525c62
417,2e4063884634bd027ec35397824cdb19
418,1b7250e9495c6ddfa8d6f263beb497e7
419,9dea6785881e5e24e3e5104f502d7554
420,1455fd1985ed017bea8f0c2c97380c58
421,8ad98fe58fac33e32406567a8356d0d9
422,db05afdb7cb0be67eb37c7dc22219168
423,ed4f9f3173ff153616aab71183cee278
424,c30e89d6048f614b290efccd439c2236
425,c8117499d5569eb2c6e90f3ea1e195d4
426,d7623894381bace490bb065f5d4d6dcb
427,7a27d947d5ea5c10e4138bfe20617dda
428,22cf0e32479fbdee3de56ebbf8591a6f
429,02f9ef27e42a796644a101d6857fa0b9
430,6ba04016048520976f9ee13726dfc84f
431,db3971d38f9853038076981ce142ad83
432,9a73a49f746378fc677fc33aedc8c378
433,f687fb6bb012451ab9740fdebf45cecf
434,ad8776a772c37836856a0680e69cdbb7
435,6249d66fc2636a82bba65e075579477f
436,cb7ca5f0c25c0f56c1647ccdf07fed76
437,2c0a204a34380cd7ef0446ffb6ecf867
438,85fa28cd0c00410fb8eadb310e1cea28
439,b054a97e2441fe24a7cbd5da92fb0b34
440,ff2fc7b61798dc079ba514c76a9be79e
441,d77e29ba2339a24bc050652ac055ed63
442,a49f78c5c0e9f5b65c9215e706107041
443,67a21efe4fa325d91e3fb1040d7b661b
444,59d1cf0ea79ae7e54cf509c7c96d9e0e
445,cc611747b767460462402c06d5cacd92
446,4ad5147b79474366bf4876bedba1ac7b
447,52a7c6988cae3f33ffd0788f5824e0d7
448,5e24d1e240acf5e608d1db284cad35cd
449,c6bb176130328a1a1584be832b5dee0f
450,5e2e9627c7bb357f290d29502d011ebb
451,d12cf8caad5dcb3b89ed9301997e53a2
452,ccb1baab25d02078843f3bdb3695a78c
453,b1b78e230fbfd38e6a1d5f21e902fac2
454,d71e36f424f703623a264d3f6e860052
455,e7e15e6fd6454066806f29c684a644d0
456,a19dfa77328b875182d43cc8614931d2
457,092f69894b0410e4a87c31173a97b0f9
458,f17849b66d737b691cea606cb56a7895
459,bf5f6d57a4edffb12d634c6a33001104
460,608c2ba9bc1218e694e0cb871d48b536
461,f8c807cce3d3d3619c607667ccb06cda
462,f6ed4b46295aaa5a6e33d8802e52fc14
463,c2c959774811276b11fd772f05c3ac2f
464,55b3954526cf208c4b61fdf8339af1f4
465,7f6dca194e68f28edfac6de2436d183c
466,398e56f672017834a1b3c46d2033714f
467,935baabc2f5f134248e6f9a6ffbbc381
468,03587e77f271b80b35b892d168fb82b8
469,52bd77b08f4c5a32797d0144a8d12979
470,45fb080554127b70fb00458c58fcfd54
471,c333a412c1b47fe620c17db3d179607f
472,e0119c2e2da04fcaaceb5069a65586ff
473,c1f38fe85f5eee35d5975e0937a5d719
474,4914b46dc29225dc0add2fffca032285
475,225606ddfd3ebd302773d83b1f8b0c39
476,4e663a7e4174b105c11bb275419fc6e7
477,afa8727f9b4d0aad3a07456520406e6b
478,2c51fb450cb27f6dc3a2a5ae3167e035
479,31ee967845e3e7a1bfac3a69aaf50474
480,6ebc7a22722aadc3bc974b4efceb0cf0
481,f7c849a274f9dc43ce8db337fe53480d
482,cbcab558fac661788b93a5b56370469b
483,6dec0f0a1e0a3dccaed758f70f2bc34a
484,6a87a995a4004d659d65e1d268a95bbd
485,9aa7daec510dd5bf38c269a88d3ef780
486,ebe9e03bef5ac617e29ac65a870b841e
487,fe34980f4977d328211392c0e8c5b368
488,7060d5f60b0b4e62a136726eaaf4e8a2
489,67ee94e7fca44a6183f2df7c3a39b160
490,0222ab2d27de98782c9ab95cd5ee8fd8
491,efe1c6c13bdc4d88b77ad7d6f372e732
492,d549e3dba5e14c44b07024618e61c970
493,2a88b7229602453d98d895ac22d08099
494,8baf20c4494847eeaabb4f11de79702b
495,262a11f0f5738218ef84215a4c8f8e47
496,ecadb4ea36d44e42e7b29511f8d8ad24
497,e8763303ebbc4cfaab72224ed3f7a080
498,3250fcba242ef4dd9c8e06c97fff23e2
499,878f8de4689240c7a5fe61699c2507da
500,a7999c0cd93f5274de227b7e08a74481
501,7c7fc1f88c5c4caf86752c645873a7cc
502,220f1e80f0534e57b3927b3ea6172487
503,0c90da1ca95247db87c5caf86083b91c
504,2ef8e3b1b1ecd27b6d56265ec8460fe2
505,ac24f81b83cdaed2ad755c3c1e49a4ed
506,9ac8f2feeaec406da3017c8e1aaf2235
507,ac24f81b83cdaed2ad755c3c1e49a4ed
508,ba1d5c2320de471faba5b58b659c196e_1644404408
509,414820f456a9cd0ee6e3e699a623d64b
510,98f9316b508ae7fbd2c99dbe2be60b26
511,de117bcacf4c843d599309b13bf20141
512,2fc4ab6b963759681447abb5ff70a192
513,2d9cd5473bae469f85d77d1da0afc431_1644271293
514,2c60af039f27301c331eff35a6fc9715
515,720f814a1a0b66b2687a991c361e98f0
516,d4235c0e6486f70757cc2916d49e12ba
517,41fa50e2ae7cde7bf1dd7e5572f1396f
518,3f758450da862a39973fa78026393ce4
519,63c6430a18b0616076b583a61b8247fc
520,926a3eb6eafa01f16d4658693cfe69c2
521,e7a821ee47600d33d9dc2db64130bd74
522,6387b9a23fd493b7617e13672582c64b
523,3ff28ab34d8a4946ba171f813393716d
524,6387b9a23fd493b7617e13672582c64b
525,3ff28ab34d8a4946ba171f813393716d
526,749922fede0e07fd4277aaeaed9328d6
527,166861ed988ec8e482d4eee780c834ce
528,621903c822c4a742ebd821666cdbef85
529,55af256774b26682578a217406ec887d
530,d87f9c9206fc4d00bfd4c2212af8f29b_1643935143
531,5636ad6d8d8d3eb27d4f18f8b222bc9e
532,1581d0b8846e49af90968a192d9674c7
533,f126d3e20a14400dbe5e444c9ef16145
534,5aa55e8d621bbd844c5018b286870a0b
535,44086a3fa4c24a14ee33c9d38e1d47ef
536,9612740ed9067d404fe9ef517942b9ac
537,7c5e1bfd390a2151c4d86fdc173ff3a9
538,377ecf7ff9448ed10954c2bf4d91153b
539,79fda8e3029e07c2ae95143fb4a5a9a6
540,452d6e6135580fbd1096012d6883eaa7
541,d719f5e0026f436d9416c4f09e9f013d
542,687a7c10cd0395510c0a9aeab53f8c13
543,1e83f17337fe16a18c386c1565c82062
544,0eee7de2bf397d4d6de9fe73c7949716
545,87d43bf27fea43afbd68620e995d57f6
546,c9a2ba5f796cd2d4d026fe7dc26fcb54
547,121f650fbaafab7fc47e0fed7c9dd6e2
548,bc6d8350d020369c10efc645683af27f
549,a5529517293ab63bb1cf2ab9813cccc2
550,933fe9f6a75d82d622c99ef7f3768686
551,08ef502efd3d35cab1ddc92a242b2703
552,167814287c70c8c6c390a9eec8c7d07d
553,234f998ab4b04abda5702d34709a2bfc
554,935da3622edaa5934e9a18cbd1e29a44
555,2c1362bfdc5d5b099281fc201b51ea8e
556,7d6512d7ae2f0e8911c139d2a3ba6d7a
557,81de12615ef779714297470f3a13a0f3
558,689e67bd25627292883c646be0157f25
559,c4def71b1de805b7b751ead8bce3c539
560,0c6e5cedfc774eb7be8a641af16667da
561,b7577004d6edec9ff462af46ecbdbccf
562,b98059b121da48e0016532c33fb69a11
563,9e3635a29dfbdad2d4586934fd7a55ab
564,0c6e5cedfc774eb7be8a641af16667da
565,b7577004d6edec9ff462af46ecbdbccf
566,7aba851f73bdeb18ce926db2b0981ac0
567,b98059b121da48e0016532c33fb69a11
568,244a19088d28790b5a4ec0fd70380ff6
569,32b88c7524d4ad4e97af188d5fc563ae
570,bd7ba8ef1f6bea8c432b5f3aaf078d06
571,1b037ba954ab783146a9422e5af22e83
572,14fe7105bca4071d245674c7a932d8f9
573,9c2922ab300149ad8b85c592a2472b32
574,0b21c9b04e52c9552e162505f53a5450
575,4476ce67c46271fdd5c463755d3ed55b
576,e5a3c31516fe52d076d8173412f52970
577,27c65f6efdfa2cb5d541ae562c542fd3
578,07a9604ea704afd7dfcfe9289a3cff2b
579,fe2ad8dbcb5e431ceabb3dd837773f77
580,24a49b16f50d467382b1f249a904efbd
581,24a49b16f50d467382b1f249a904efbd
582,eab2b06827e00944fd1a7dd62048a49c
583,53be717b560f27f864f890b2292ef3ed
584,d73d0e24b7d7433c9238c1fe88d9b357
585,b5f062d60763ba8b1a80618a78cd7558
586,d3849434357761bfe058a25034a9f638
587,932ef34c0025450b9d29fd548ff9e0fa
588,08e1158ab66ce8cd450beb799ab22e85
589,cf25af46e6ed7c815fb8c80ef6bd51c1
590,9421b875378af6e5bf03d385a4ca7d27
591,b56de0cc5a858d4be940d20ccb87e57d
592,1dd94b90d5c8253eb0c9d202242b304f
593,8e5693613a46ed8779fd25ddc2907233
594,66180198fe6de5108f340ff7fec8435c
595,1f46af7d1c1617b66763216a51a9ef79
596,40c0fbed81b5fa9f6c0889da653aeaf1
597,6893c15485591974eaec5b5d4db7f06e
598,b61e72fffdebd7dde461c2bfabccfb0d
599,3aa7199d8b2f0203db09f33463c69a80
600,2978fae61e20448a9aedc563febcaf97_1643976619
601,04261c2f8f16b2079885130e36b1e700
602,82b1e974f5de2f905e8dd95a119161ab
603,158549f51d2c89b62eaa89ff20e063c1
604,274ddeafec48515d1abe83375eb04f33
605,4aa6c15a8c384254adc2b9f085756211
606,4aa6c15a8c384254adc2b9f085756211
607,aaafd1eab193491ea12ef33be252e1c8
608,f304c1d44d9b1391b11aeed28397f81a
609,22e18e1fb708c55836da613ebdd57cb6
610,2f812362b8564d45a97bef65ed1c9b85
611,cd8759213e64d1aa64090d518f02737d
612,80f78403395d0248960de715cea0f948
613,f63e4f5f34373a72d387a4f762f04cad
614,151289655adab05636966e7aba98e227
615,151289655adab05636966e7aba98e227
616,fc4f3f25bea14afc99930f093b029d16
617,8fea9f38a27950995d4a7e7efa934f59
618,556159ed906693c9f98d83d658d59f26
619,10e7510f752643238d4d81b8aadb712e_1644403303
620,ada73a84195dc5d92c9e5d07a4264e6a
621,8c538c33c2f9436d193f9d507f7dd097
622,35af3d1406a345fabbc6839d4269d949
623,c6b3716e089822433068740df918fe8d
624,ac0b1f44ad8c53707326cc31e0326b8f
625,c6b3716e089822433068740df918fe8d
626,ac0b1f44ad8c53707326cc31e0326b8f
627,4f933f536ae9ce5833c2b8f3beb5d927
628,5550f091bd813b836dff16b77734cdc6
629,a4ca33f72481fffecac76f8a50e5d88f
630,8183f792302a4790bb2cc5b57f2fb7f7
631,8c0bb69c65c265a53be354fab25c46e8
632,451dcfaa065809de1e4f4a1409da26b2
633,07b464cee2c1a5601cad61552c26f242
634,56a27c00698e46021e10814ff89f4b57
635,2e6efa4980d326eaa3300c8f7a088fd8
636,bea606487b0049469630ecf2b754e71f
637,a3fb25f505e24a29aee92f60d8e183d4
638,c7cc8ac66ef15fee32562fdf5d504e75
639,ed972eb24c8ae7faf3c8d19f837d16b0
640,aebb267f30ad07d63aa0c77bee3a4bce
641,657cea65720399c979143fe896654bfd
642,f6e398cc57975adccee86a6b08cdc521
643,3324bf98229350b5a8bd2e1a54815412
644,a54007cb119029fcfce170c21da89144
645,a86104612a80396e664e819c82078bcc
646,cdaad42fef9132e38aedf52ac1fe2435
647,05e810ab3a5432add1fcdf6ccf11b0cf
648,d837d2443527501295902e9d368180f0
649,338c18cef45b2b7ade880e35898af4d9
650,74e947c3522db1cac2d4796209ecba16
651,a17700aa3bad51e35863280d0b920ecd
652,0a1876e5d976448a82971b1c452e9ed2_1629326950
653,541d4673cdd33eb56b26d90815b63c35
654,3f813520be009aba1a48da9910e730dd
655,64a51d4d70c25517eea57c09bb9075ea
656,50a4e7d9c6f44f6fb4e5fd84c20388f0_1644143169
657,74291bfa3df66f0bb8da56f46931571f
658,b9b7594183b1bc6ffb2a21973d220c2e
659,d1cf67343114ec46ac453360dc9c64a9
660,945bc8d66b883f4c143911dc3daed4d7
661,92bf15f4464d4bbfeeeacfe4b2fe9d18
662,f59e5e01056548088c1ed3e9749279a3_1644501505
663,47444835ddcea9c700e931e012e66a9c
664,a20160402be95e4c1e1359623a7ccfe7
665,4936f72ce354248861fc01bd91248d18
666,c5392dbcc95e4fb8909af3f78d640ba9
667,7ab7c250674d4509894f27bf8c6125e2
668,8d958cf2cc57cab0e6efbbd3bac92780
669,243118cf69164fc7b6501e7c5dae0c97_1632389478
670,29c8493866799219c097c7492b3d3769
671,d858333788a9c6d113043086475da2ff
672,1f42e548c458af14c722b3214a2a2cdb
673,11cca1e959831e56ef0882665c399c63
674,18b3d86e720810649750b38198af3ab0
675,934e4a0f56654acc9c2da747e514d6c1_1644491279
676,85f0fd7407f6ef6b3cb70d2e81c02613
677,a3f27f238faa6160d2f28e454d55ed2c
678,b46d0daaf3700ac781a6547853f6a182
679,d01e2dcc6546aa73f39b3ef3b92070f1
680,d8a39701a72df653bd7405eab4547cdc
681,b46d0daaf3700ac781a6547853f6a182
682,1a32a67db752d9570f549321c96ac666
683,427d7bfe45f6ed141bb66967f08c1008
684,057ecf1f5aca4b42e161458f26a76bfc
685,824d1ff9d4057219e6c1f733509fbdcb
686,4b258f77716bc5057fd6be02e15ff60b
687,018265de38b4c4e7641c9301534190d4
688,670b9a341a4543ecaa87eb29a8940a38
689,65bce6f3c167a7cef279551d6118dc08
690,c1914be161cd2b395d7cf164118f02d1
691,65bce6f3c167a7cef279551d6118dc08
692,c1914be161cd2b395d7cf164118f02d1
693,10d19ff89bd13346ec6e088fd887a4f0
694,427da0e58d94a1857b7e7c57166c6c91
695,1133002718f0402d98958a237b7e0821
696,991adcc5f81a41f895e21ba915617cf1
697,05b54f722c04fb48fec60a8daf35a28b
698,844a537a18953a660f70f45313c36127
699,be23c0dc1db556b45cab3db7477f5747
700,017c742a86deeae99b577137912f73d4
701,b5c3de85dd9ecc460a43ab20307ca731
702,52a2b6a042413cd5a53e3ea6e32bc433
703,4404b9341ebc4971814b095ae07eb739_1640828556
704,1ab54a315909bc23c63db0cd0ad9ba01
705,a0fc5c5688561e879285434b67259f9a
706,abd7a5cdac805699f1d3816f5f897751
707,cd457a2df9cf829731bd81dd4530d86d
708,23f166f9bfd23ba35b9fe5b1c5a4557a
709,f128880ad734a9cf5ab7879a02cc0627
710,23f166f9bfd23ba35b9fe5b1c5a4557a
711,f128880ad734a9cf5ab7879a02cc0627
712,adfaa5221f9940cab9e1e29b0484c890
713,e3f42cb766ea454378993369b12e70dd
714,ac3c43e5cff984a955b1d18fa6119210
715,fd692213ac65613aa55096655999a090
716,9697600c040542e5a48cce2deb573bf1
717,61528f5cccb4c82c2629d952cd3f0ad1
718,0683081d54a641dfcce3167340c573d8
719,eaa7da280b2cdef4ec5f005f1d53dc5c
720,8c67d599e6f705e6508ef56035f30761
721,0c2ca69d8c323a99d4b244f8091b4020
722,cd85fe83d482fe8411118808627513a3
723,44eb3921fb3cd98f390486d9c0b59402
724,0fdbe20e06ef2088dedbc30c2e0d601d
725,45b0c46b1a12d4d3e28b93da785387cb
726,74b048a579b88c699cffe0db2b93bc88
727,e12c972e64238b1da572321ddb8eb3af
728,1940d6d24dc95566f575909da19b2ca6
729,cced18c994f347378c75a0a447d9be1c
730,6b5dabcaa49ecd2f6e2fd259b0543054
731,b0b09ba956440f64c0b140e63cbc975c
732,ebd5ff13f077482c75319af3931d8dff
733,59a36fc711fa42339e74d73dba43a7c5
734,faba2a89770045f4913873ad17142ec9
735,cebc42ff8ae9b95c3a6a3b53353d5e5e
736,03de363cd68d8e8ac13d0760d791a6b2
737,247de8dcb5e2428b83090c17c1d91930_1644500655
738,378f3ff3547f5246f4521fc4c6c69ed5
739,66e343c309f17751c754ee18917c3923
740,45e7805a9288c6ce3344616f62cb0c25
741,45060b292ff9713ce2fb9e29a8cdb0d9
742,1e38ee034b35786fcad522399d08e6d9
743,2a424b3bb770431e015d9e4d5996a3df
744,495ac1966bb840ba90e4f7716103460d
745,2a424b3bb770431e015d9e4d5996a3df
746,495ac1966bb840ba90e4f7716103460d
747,973307a53736b379991fd8148271b817
748,5301f34ad9f56a3a544302b66d87b5e7
749,b005843b5a284e93b3c75853e68b5e80
750,b1075005a1d3e86823a26b99d912e43c
751,6821b015f89f1bb507207107dd963d0c
752,e60664d624e8f9f9ed1b7cc8c843c79e
753,dbb2e50d27344f7cb9de232879918e5a
754,b81cdf66a3df22dfd9fcf0a9a2ede100
755,1dc80ebbd24749d1951b81c4032e1260
756,412c818986f3474c9b8188eeb3af7027
757,b9b740df7731accaa3645c9e768c27ef
758,8b28aa99fd7a368566d2071a1aea2049
759,e63e7bf2109abbccb1c055a502f95c1f
760,c4da92023c818ca60ce83e2f6e2c7291
761,ab87e5a27b0f461996f0a0f7aab74741
762,dfe2e7d4f9e3300299de4a9c32a679a6
763,dfe2e7d4f9e3300299de4a9c32a679a6
764,f3977894561e74bffe7d54ba904e83fc
765,4ca5c108d4b0318f14060704bf2c4902
766,f67a94fd0ecf8106f6e86b6b3ed2b59c
767,ec7e918e6a5df331f8bc255bb9676799
768,08a43a9730884899904ac3ce21f017ae
769,f4116fa16d688c0061db12f8b432f825
770,4c44c0179f35bb0709c176c1da476653
771,4eb1f07c314d9adcef9800819c5d8968
772,49542248de084e1a9064d79ca542542c_1642852764
773,5ac0f98db8be43a8b21d368cd5e4830d
774,c0c7145853f4665f5c26cf76e6d2bdea
775,104651adeb4dd28d9f856b4f592cd648
776,6df48fe537acb27efb8d1b8662281a22
777,d4fc2526dfe7b2d91e3b75867f02719e
778,51081dec20e2561c180c2301fe519e6b
779,1cae2dfb95dd22e5b7a5ecdfbc0c8be5
780,d6b4c31a114bc31931f6717b6b166665
781,69f895c971b823f7ba5cce7b32e1a615
782,833a65052b35626890593d6ccf19870b
783,d576994681a7b5f3fbc5c468bb911f8b
784,b270bcb61ff3032a9c12f09d2069fbe1
785,5890168c6db615875ef3acb3990ae8db
786,1656ce8923a946bc872207d6aee7ac26
787,8efde118180168bf4b451f90c0608063
788,f23535783dca42469a023f0b66ac017e
789,60220ed3b9ab98dbecd0d390e985b72b
790,e5837eecd29905fe06826b3d35d36672
791,820e2910220af5855a786de54cac849f
792,82bc171fe8cb7c1863a0212762460033
793,4323b735ab3e2f0a2b5f43d66ba6a952
794,2d8cc1903cad90c149adc79152567039
795,83060608bdc648f4b15432d81cc756ca
796,dd471115c5a9b2602c2224a3fdc59f16
797,cdc9b61b64b5e549442f8964ad4888ce
798,2d40e7221975c907b61df122126e0a57
799,c65049698ee6c6e30056c3eaf18baeb0
800,dfcbfb57babd5766e1a2769345d6bd16
801,19cc1c71d4a0935066221e0142a81c62
802,8c764d73334597d5d874ce47473fc36b
803,e1c90e5bd9cdaefc905bee94a43bc146
804,57bc2311863e04b92c982380ae72387b
805,00a9563f1629b56190838b4161b1a134
806,a138b581e3251ec16c2f1ce49e4f61b9
807,27458038d071888db88099d47e3bad67
808,1940d6d24dc95566f575909da19b2ca6
809,36aad1fcf536402e88a51f2ce1c67231
810,d87d0526782cd6880a7ff531e130f580
811,e900af2109f731e771626886f1e2e9f7
812,b2b8b7a77cdd89338a18258f95af0ef4
813,dddde1830b3fd863478d2f95057ef600
814,895df4e605f7546a8e891f5358d373c8
815,5a1ee1dda7964e96bfec06635d3b129a
816,d186512eb31eff170fcde3058a6c4a5d
817,2c49d44f34e4f55c793cf1dd016429f6
818,0e3391f51ff0d4a24a61e13a324aec44
819,65bea99fac1a702a3e6fb59fd1ef1a2e
820,20bbfb304de526f47bcac0e9fa334f2a
821,4c89b5cb8fcc9adbfeefb37e80c33ca7
822,a5fbbcab00dd6903e9632c78185c2e57
823,c5392dbcc95e4fb8909af3f78d640ba9
824,a1fdb4dfc8664e04aafe35b3f033de70
825,89006b24ea9f439fa7457521e55896c2
826,fb48d3071427cd75ee7b1eb0c5858492
827,4476ce67c46271fdd5c463755d3ed55b
828,865529752c7c4ddc879cac7a6b0f003e
829,fb6fb678c4fc55921e19a535974492af
830,b49dfc758fb4fbd3f127a39f53fe4433
831,cad07840bee30c3140b2ec17710695ab
832,bb6efebd46b9c0ec7c3faa84afa497f8
833,bdcf3ae0fc12ca6c04d7d894a81fd84f
834,8cfad1b6bef44d0c8075a03e14bb0002
835,90f119e6cb1b4149a6ac0fa5482d6fff
836,70836ec1777ff4e1b9337e9d038a830d
837,ca50a2505aef4c4a8b05c3aa52ff870d_1644150201
838,4c44c0179f35bb0709c176c1da476653
839,74b048a579b88c699cffe0db2b93bc88
840,603ce3cbe100960ff91f0b5f1d1e14ad
841,01e0f0a12047465f80b94b801df704c1
842,9be883a4a8284b878d7b771f1d4f8917
843,cc79d222b4ea3f98f1d1f44c422133e8
844,ec7e918e6a5df331f8bc255bb9676799
845,5a987eca3b676b2a193df4a092b39520
846,5d81130e6cf044d4b98e97ed9bec438f_1621330253
847,810a814925dc424eb3ea664335e35981
848,f40cacbf4cffe6f7200d30f3676b0065
849,bf1fafd4d66343c49229fe213e29026d
850,afa8727f9b4d0aad3a07456520406e6b
851,a3f77b3f7fcdb6ab4b51ed4a8a5874f0
852,55d8eb84be4b2d10c554ca665b12be4a
853,a492345975104bdc853ba75d6f7832c3
854,cee8025f24a03aae2bb8cab3a650a44e
855,2e4063884634bd027ec35397824cdb19
856,78e793e5bcf909cef00cd91a022f08bf
857,ad040d16ed0b41d699b034a9fc9b5c53
858,2d770f3a4b07482e9f7d228708779d9d_1644229393
859,a1241034a2d8fe656b3be7ef56549d52
860,585db4614101d5bf711ba93af24ba990
861,38d8fe3cf20fea6506dba8a87834a213
862,12015d9d0a8f3e03ac9abd43abb98e9b
863,11cca1e959831e56ef0882665c399c63
864,60311c2525184a539d0febb7930b3dc8_1644282256
865,1b1e7892b1a940fd95d954fe85f6af33
866,bacf6ababcfe4ec396e28b882efe8169
867,f383c4f7e0aa95a0d07e51e7c501bbc3
868,c744b883fa15457a82eb4660c412681c
869,b87dfd3118184d4783008c4312f97674
870,c26b927213da5637c10df776a5a83b4c
871,fc96c4362348f7e2ea537a3ac4c78ab3
872,7c99d8b047c2408ab2ff9884a2940535_1644279746
873,42d0d84354e2f6941314188191ac44ce
874,3a0918bcdde6499af47a865468ecb8d0
875,45b56e9006824d37901d5173778237b5
876,d035fce08ef6fad2b94a9c5aee22db17
877,18ce359ca81024bf62b36b3171859faa
878,017e882fbb9e1c21e23e38cf97ce410e
879,be6a84b5dc9ce6f933b73c000194cdec
880,70f2e4f32e0a4552ae2fce58c1feb152
881,1ebfb45cd8e055972c7b16769d215820
882,d71e36f424f703623a264d3f6e860052
883,6492ee0f52b5e3b05830d7a01016f051
884,051ab8aec4ef4ec294c8d270682d53f3
885,98e0c886d7f729566d023d78fc9aa86c
886,d9150f5cdeb429010f79bdb95196a101
887,6492ee0f52b5e3b05830d7a01016f051
888,55d45f8e780fef7b4bc183dfa67dfc78
889,d9150f5cdeb429010f79bdb95196a101
890,b76b125bcdedc0433e74982860e5977d
891,69903d8256886b497a7039100ada8671
892,2208d44f8022cb69a4d8b17a793240a8
893,4c8831ca09316676e201d35d29c4f041
894,de117bcacf4c843d599309b13bf20141
895,cefb2d4cea0ac353cc5ec277a4448e2c
896,9821b45fb40bafdb9030f8239ce212f1
897,abd7a5cdac805699f1d3816f5f897751
898,9127b6a4544da18bb1fd63ec2eab6417
899,6f343cce303b43aba7caa958386b3191
900,be30ac7fdbfe11921dd0fc83d3c87613
901,27237510d84cd1e58499a0e52b2b6423
902,4c6d13691a14e08a0f5ced29af131a0f
903,8c50104d4fe67f2f87459878c988ce76
904,247e11a34a534b80b907905872844407
905,19f653cf62aa83a92ab2386928bfd3ba
906,5aaad216c6965aec23ee2bc5e68bc98f
907,77587e200633d7a8d0daf7f0e416bcbc
908,3f1235e24e4fef86dccbc3a07d05f1cf
909,bdf213a7d4757d28c9689583b71336a4
910,7a583e687d094675a6e5ba96424da8df
911,471819608199765333872a9e3b660c48
912,49bc017f72bd4df6bd9c7872678129f8
913,993741ddaf414c9892c22e1c1e30b70d
914,2c1362bfdc5d5b099281fc201b51ea8e
915,12bcca19d4d62b0aa3ca093d696439b2
916,087df2f205c689708699d717460963fc
917,5d05234f555d4820bb2c07cbf76b61de
918,a522930955b849b593c21851efc73eb2_1644273902
919,d48cbba9889d5c9876b9f785efcfb812
920,279a7ae18b06482183cb37ec0826eda7
921,88cce4d57150face8e5ce5fbe25d1b70
922,2a7912e9435c7470c48733c20fd15591
923,00ad099abad77edfa243a2f9c1b716dc
924,88cce4d57150face8e5ce5fbe25d1b70
925,2a7912e9435c7470c48733c20fd15591
926,09e766ba2e6c8fe8f38d73e9edd772e2
927,b0df41f797204cfea46515eed8a223f7
928,6f55565e8f35ebd156d16dcc5c93e1e3
929,5d421dc0e13e67bcff76e8ac2252169e
930,9552781f32e9d26a57925e2472d5e904
931,64eb4ef2a5a6d98421911b123569e9a5
932,adc4ce424a7595044d0454aae218f7e5
933,64eb4ef2a5a6d98421911b123569e9a5
934,-
935,cdb1a104e84544fab16cdb7331e2eb28
936,f8848f03a406c14979900ac8499b4a73
937,71b8559ffc4e48ea91a15a61c6d9f880_1630899582
938,eddd9946f2c9775c84738b94f78d029e
939,6ba2f3ad2353484cb51638ae51ba3728
940,70a2afa3817c2ad8ee7478e0487f0305
941,93ab31388304fee5ad73685ba1ee932d
942,08c0693427d0b4ecb2a01075b3d3c1c8
943,f69e55ab57904c89b822d475da73c211_1639712869
944,a6f6acced23f4fb68686b34c6a75d436
945,0b4bf3d96ecb1faec69be233f37b30a7
946,1f250c02443f6c5530e6c0f9bbed07ad
947,34e71e2bb530d9bbee870250f6df979a
948,be23c0dc1db556b45cab3db7477f5747
949,9b5a9b7bdc63aacd99b26b711afee6ab
950,e9e07ead361031c36f911c2cf84eaf2f
951,be23c0dc1db556b45cab3db7477f5747
952,6d86937a3702f6f706b8eb5f4f7b7334
953,0fe319a71c8cf9784fc01e2e291c6236
954,877d2d1ed4f6a872fccfb63586853c64
955,156e3f7f35324ae495188fae7b18a3bd
956,d82e54f20acff661f308f98264e978d7
957,eefdf218daed15286d6d606d53911f27
958,5de187f61386caed0550466cc64da5d8
959,8798442c921a3a71e9cdf2d9516676f9
960,4259c26129ec35105b8258cb1c2bd891
961,c244759edb3448c78d633c640471de1b
962,cd694dacab2f1b8bf674d3c416549ffa
963,6ef031b7fb5ab4f20f6108ae6e9f2e9a
964,fb239d33a36f7c9998857c2739e75a98
965,55530460eb5b45148c18c3af963e565c
966,1e93c0dd110df856eb2661c44281be26
967,-
968,03f2689fbe740f1a8b2dc5df6aadad6d
969,b5c3de85dd9ecc460a43ab20307ca731
970,2c467e4bb20c5f42777a2b6b912ab736
971,3b4e8b5ecf1c2b434d970f05356db0b6
972,9e22c2763da0e43ab0a6960024d2c4e5
973,a6077922e1974c38a3db53b5a464531c
974,eaf8c88f17e107076564fb586f5fc646
975,a6077922e1974c38a3db53b5a464531c
976,af6b5d0d8bd192c5bbeed6884e457c16
977,93a981f5e4bb49159d42570bd9c61cd0
978,833a65052b35626890593d6ccf19870b
979,d569c033ae252423a8b19e0ff3c7ad1d
980,90ba5a24cf934839ace1eb70ec805126_1644225512
981,fa7a50cbddb243008b5c1d8a34d50085
982,52cf7aa1d3d344dd99490b99054b1c8d
983,7340961058a9ca889cb15e80160bca89
984,92968ca5dffd6e6845c3b97e04865e12
985,52cf7aa1d3d344dd99490b99054b1c8d
986,9682a563764a6fcd459e1ea127f22447
987,d035cbe5ce3993e6ea78c5c11150b4ab
988,9c6b2a4f8a66ca17f369ed9105757990
989,8ba7c0eb7974a057bc1a67d30da3b427
990,d3b9a168f836181e35964f149faf3d5b
991,10173800534eafdc4b081783ea5062e5
992,f4e69fdde3866e6a80f356130a18304d
993,67ba6029c884bf7023cbe251c7489715
994,d6e38467bb147333753c4bc05ee6e4f9
995,676d1e11fd2a4866b76ebd18726d9ae1
996,32abcf27b16145d698d11c1e81ae4ad8
997,7692e9c3cf2ff50253867ed327bd7c96
998,f66f5fcee76eb71b994a9d59c63754ac
999,28f64eb71c1461320f8e75117eea3524
1000,28f64eb71c1461320f8e75117eea3524
1001,7d8eb46b5ad37eefdf5d172e1308bfaf
1002,47a2c8ec66ffadde4f17812f79e8f7e6
1003,2863d984673042ed96157ff4ab0915c2
1004,05bb73efef5aafaa34a20cd158571a77
1005,f8e8178c3d544b3490e70156f728f31b
1006,12e5ee9ecf58afd085b836a5003fa6d7
1007,90f7db77b9d7506bad4d1defac7f7fc0
1008,8b16cdc829a673ca6092d305bb1f5604
1009,a17700aa3bad51e35863280d0b920ecd
1010,6ea918c6d0ea109040575882099a9a20
1011,7850f08619a14743b4752c28170a9fc8
1012,e0f50fb19dcf684c58688b2d3db26a27
1013,dedcd779737742d2b372474f1550dcf6
1014,47666c1e95ccfa1e3ba17867a347a135
1015,6572dea7a00a7960e747646c538f1b7b
1016,4c01bfdceda4471b1b76a5791a52a377
1017,b7ce08d7dd5a4029b026980eb180474c
1018,f935179aeccad6b8656c5120d34418af
1019,d7b56e0e06f6418a85d8774f80f76bbc
1020,b3e36148305d6cb094358d15fd4ca9ec
1021,05808eb85bbcd354c8e21d6dae13c84a
1022,018f70e05ded440ca28c5b7e8780a230
1023,427da0e58d94a1857b7e7c57166c6c91
1024,f3307246446e1f648cd9a8df4d0e50cf
1025,92182c7c2628cc4460518d9da7c927e0
1026,718ed13c6c0ac6423fee243a2dbd7d83
1027,33514882c4afae34fe18599b763863e1
1028,68463d5f1aeb08c4650bd1e51240e042
1029,331f9a16ab56467f8fb5c2271ece2520_1644022701
1030,a56b200cd2fabc4fdb0b0f26922f4198
1031,b9ba354a2b99e62ceba0cc0497d0712d
1032,6791e404f7b74a5888bfd3b35d8a0a07
1033,b9ba354a2b99e62ceba0cc0497d0712d
1034,33380099e31c846147575a67d71e194e
1035,b2278540018209a93f95600b1899a1ed
1036,3c40ac581dccf8a97cec278821727d0a
1037,e3f24d1d7d58f948a078a0863ecc94b5
1038,9b1d2dbf6cac4b899d045b18f664b45b
1039,05b54f722c04fb48fec60a8daf35a28b
1040,901d4885cf2641acbdd820d92d538a8c
1041,dd7aedbe1d82959f69fcec20b3483ad4
1042,3fea7434ce9964a0e447afa24e802da0
1043,b294af51133b08430a162053967c1e1e
1044,8fba09349724c7915686350fd42d2f66
1045,5283d322be369250d92522dbc2abbf2a
1046,87ebe7f40a294949b759dc5efb1c447c
1047,16bb720e11114b39b69fbf1852fc33cd
1048,1c92c0bdd73a747b3caf4b7b12771eb2
1049,923d537d8d69c9e7dca96f18a05d66c4
1050,923d537d8d69c9e7dca96f18a05d66c4
1051,453be23a2b36884f916199320f993b9f
1052,438a70dff5e40203e9f699c43bfbf6d0
1053,9720e0aeb395db29c7c78e4ec4cd7f8b
1054,fafaaacf5e2641d08db53456674e65e0
1055,d6ed2ec42b326324d779242f64482597
1056,57381868be9840ff8853381e8f340455_1644250211
1057,6c5b3e22ee8125471b29c10f53637577
1058,b7077f4c7d477c678ff217837ac6fe4c
1059,466d3076fd544aa09312ce3a263c7e1e
1060,3466938b64b64255cd553cd55839037b
1061,9180b1133c0e45998ffeb396b8ed1e5d
1062,5e3ec29b07b4418c9a3e3cc8b11cebad
1063,1053e4af4cfe7d09a2ee55672435623a
1064,36dae3f46559332135fd16ab81af65c0
1065,0be1fc3284031292091a77e186ad9283
1066,b5f4e716d1d444ccc87dd299e6417c11
1067,53111d09a35147cc89a7e4ab7da60e30_1644287779
1068,31a00b64981fc4442f8dcb9b2613cd2a
1069,63283516a6d944a2b2cfacf8e49d6916
1070,771760c488c4c3f5c2f0e7b90c7080f7
1071,4eb1f07c314d9adcef9800819c5d8968
1072,942b3ef76f4923e77e1ded4fceb2be90
1073,ef50e95151771fff8a0303da9118c004
1074,bd1d5fc3001444ddadba2dea89912aaf
1075,61d5efa0400716056c24d31f30c7ffa1
1076,337ba90e13cf1b89785df4566ca99454
1077,00f6ffa9a58a23647f1037e47b8f74ca
1078,09a10167ea5051827fb99517910e94f4
1079,42c28cbce8e74266bfa4cfc44d58291c
1080,935baabc2f5f134248e6f9a6ffbbc381
1081,dfe2e7d4f9e3300299de4a9c32a679a6
1082,a678adde80644673b7c37f8d61121726
1083,97b798c7363e4f4ab3b67915d8eb6b64
1084,467e2c8bf72e39de5e3ff1623b374eeb
1085,ee399c3aed3d1269f71134d992428d32
1086,c62b228192bc7b3814fc5c20681533cd
1087,cc79d222b4ea3f98f1d1f44c422133e8
1088,93cf69aa1784e1b7cef402681e869ab9
1089,02f376eb312243fea0692b15bff06f0e
1090,3e831e075d654fea8fb7eec83cfed598
1091,1dfa418721cecc036fb981a92f2f025a
1092,d9311581199f43d2dac63ab93a3c154d
1093,835bdab5fdc192e910136d2613702a2c
1094,44ffbc516c1b4e5e9fbe6ff5ad711bf7_1644224947
1095,835bdab5fdc192e910136d2613702a2c
1096,3e831e075d654fea8fb7eec83cfed598
1097,d9311581199f43d2dac63ab93a3c154d
1098,f64e0c8db968a9adbcb25fc984548fdb
1099,b9f849bc65b5fc80139618b246ab9a5b
1100,44ffbc516c1b4e5e9fbe6ff5ad711bf7_1644224947
1101,33b239a420a8e784531e062a08467cb4
1102,7998ffb340b212aa5cb5a783aab3c3f2
1103,941ab7a5387443b082c861efcf166554_1623301307
1104,042d9fd5fe6a41259a06d76da8a28b34
1105,3bd9bcf67a6e0e1667741a55e78e0bf4
1106,29c8493866799219c097c7492b3d3769
1107,22102eaa06e349a79be93f113a4bd392
1108,68ef292e92cce7718166d08d08cd31c1
1109,b87ca4fddcb74eda9ab9a6e43611186b
1110,cabf608bbcf397d6738cc2124213a466
1111,3178fb1bc2a6b18fe3195700c11cb4c1
1112,d339a3f2696235c6c81ec79538b2ffd9
1113,4fd1382228024566915a4f06e782af0b_1644229443
1114,aebd92fc384c7f79d73e36a8f250ff75
1115,3178fb1bc2a6b18fe3195700c11cb4c1
1116,aebd92fc384c7f79d73e36a8f250ff75
1117,61987ffc9b20e4b7e4feeda17f52585e
1118,bf96994b8a572b27455fa0630eccf018
1119,4588660a52937758c4120346784dad48
1120,9cc38bb599887b9ef91d180b827d2e72
1121,bf5f6d57a4edffb12d634c6a33001104
1122,207274f74675485c831678156e78498a_1644279527
1123,76d24ffa7cee411a8a82ba2b14cca7e6
1124,c8535e7283d14e9db314f9a608948f1a
1125,3f5996de11a7ce85aca627e3c8498373
1126,9c9ba54e738354ee5af7ba7f1e74fb3f
1127,65bce6f3c167a7cef279551d6118dc08
1128,3af218f506c7ce2f20b1e8000e15c707
1129,0a350c6154a845cc852388b331834250
1130,01c0868dc463472d86a3f775c6a3a448
1131,494658465baff58350df4a89cdcd301f
1132,61e24b266dbc0fb9900ecb35cb059188
1133,7d7b2c4617c8620cf04850b928094347
1134,af92a5eebc7d72008cb2a60241ea36a1
1135,465c2dca73fd36ba1664658f0a0cfe34
1136,10d7e08a985c377b028b850abd72f71b
1137,2aa383eec7a6802b12c73a604c1371c7
1138,bbf094a80fe92a53ca518e5b1fcefbe8
1139,c7a69ad5918654e58ce0c3bda556457b
1140,b088e7c03151073bb3e2fa871e09177f
1141,4b66eb1391a604bad86d12250a4f4bf6
1142,6edd05f10301365b37fcc03262beefdb
1143,8195c28209d178e91029d9b412512406
1144,9eb56a3ed0525341bf579a771e8f36df
1145,8195c28209d178e91029d9b412512406
1146,9eb56a3ed0525341bf579a771e8f36df
1147,fc701afea25b91aded30a388dc35af40
1148,a598326c61af9ec2c2543a5e7370737d
1149,a16533ee08a04fba995195b64b5be852_1643511661
1150,5796063a2809410aae5d9cd1578588bf
1151,091b86aa61339730482c8609240951ed
1152,cefeb3c81cea95a131d81fda0e060240
1153,9918465c4be780d861fb2eb7d7535dfd
1154,eea4a648df80c4fa7439810b0bdd99a6
1155,cc073d52c060b6789354a1356931e0c8
1156,e2a6f1411ed644228f1a6c59c8dd49c6_1584284496
1157,d07cc160b832b348859e8a6f64d34115
1158,5a652253022f5cf8476e6428dd2cc794
1159,0eb5c000ea59a08822b662c46e66ed52
1160,11ce344c9748498ea2ca4f8c6206e5c1
1161,cd3e3016f9604cd7aff551734310e935_1644220825
1162,c19ae51e6f98622e4ad5b78e90754780
1163,4c9df94d09194fd4b098c1aa9de2dbad
1164,27f660a22e5ef5228c35466d88512e78
1165,591d11daa1802f9c32f1c55078f4dc7f
1166,54bf6600260e44bea4e3ff6b81cba984
1167,5835b84b2d254584a16a4d71f3b26cdf
1168,f5b2298870f921918e8fa5788fe662be
1169,a813f73763ea370134ee69fdd366aa4d
1170,38cd84466e5340f1bfcf53eeb716bc15_1644198571
1171,7d970dfeba14419d999f886462df224a
1172,5a652253022f5cf8476e6428dd2cc794
1173,734e7b4732118bf0e3f68e79a20370c6
1174,591d11daa1802f9c32f1c55078f4dc7f
1175,54bf6600260e44bea4e3ff6b81cba984
1176,5835b84b2d254584a16a4d71f3b26cdf
1177,f5b2298870f921918e8fa5788fe662be
1178,a813f73763ea370134ee69fdd366aa4d
1179,38cd84466e5340f1bfcf53eeb716bc15_1644198571
1180,7d970dfeba14419d999f886462df224a
1181,734e7b4732118bf0e3f68e79a20370c6
1182,8b93d72108b476c06a574b300033270e
1183,010fb05a71dc73f2a962ebf61423fbb5
1184,305b6372cbcf4045b0332cf5b283ea19
1185,db521279c5a2cc3cef4543c91bca76a8
1186,f65eaae754b8417d9b72978633676fca
1187,da258e97bcb14694b49ee7f669805a69
1188,40bb0700b7824831b45507e2661d2a99_1644236485
1189,29debd53c1c8496ab748d8124fe8426b
1190,620a6ef8252c428584d836d7749a4ace
1191,835b8e35dcb94a9ca126690f9870f667_1644235063
1192,7045b1a2adf45d3a71419180258a4570
1193,2c977cbbca604382d4491c88a303d0c8
1194,7c84ab79e29d46a0a32ebbbbe346f660
1195,910d7971b32749a4b178f38e07faf090
1196,fd9af64ba0934b51b7e9828a7106bc8a
1197,de03e7111cd5690763591abe09ad4c78
1198,8d929287258f40269ba3f8768f62f5dd
1199,de40ee1e71644607a0828649228610f2
1200,cbce5f3ce29c56800c854c13a33eac38
1201,8d929287258f40269ba3f8768f62f5dd
1202,de40ee1e71644607a0828649228610f2
1203,cbce5f3ce29c56800c854c13a33eac38
1204,71d6db2a613f56de60fa49c121cbb6b0
1205,3dab3731d18f4645af2f479e36c32d02
1206,bd4870f1d49aa81be40fef641d8f88b3
1207,13729a4f17594db0870b7d54d2df9b60
1208,7fedb29f21a94a56b3e07e353a174671
